,0,1,2,3,4,5
0,株式会社KANTOモータースクール | 年間休日115日＋有休消化ほぼ100％で【実質年休135日】!?,仕事内容:《働きながら国家資格が取得できる◎しかも手厚いサポート付き！》運転技能教習を中心に、お客様に運転スキルと交通ルールを教えるお仕事です。,対象となる方:【応募資格】◎高卒以上 ◎要普免(AT限定でもOK※1) ◎21歳以上(※2) ★コロナの影響で大好きな接客業を続けられなくなってしまったという方もぜひ！,勤務地:配属先は資格取得後に正式決定します。 ★全校徒歩、または送迎バスで10分圏内 ■横浜西口校 神奈川…,"給与:月給22万6000円 + 各種手当 ※国家資格を取得するまでの間は、 　時給1,015円になります。 ≪資格を取得…",初年度年収:380万円～420万円
1,エーアイアールグループ合同募集 | ★中途採用者活躍中★平均年齢29歳★残業少なめ★週休2日制,仕事内容:【100％反響営業★営業デビュー歓迎】お客様のご希望のお部屋探しをお手伝い♪ ★安心のチーム制 ★研修制度も充実 ★クリアな評価制度 ★ノルマなし,対象となる方:【応募条件を満たす方は全員面接確約！】◆未経験歓迎 ◆40歳までの方 ◎学歴不問 ◎先輩の95%は未経験入社 ※複数名採用！同期と一緒に働けます！,勤務地:【★積極採用中⇒池袋店/銀座店/新宿店/川崎店】 ☆転居を伴う転勤なし ☆全店舗最寄駅より5分圏内…,"給与:【各社共通】 月給24万5,000円~月給40万円 ＋ インセンティブ ＋ 賞与 ＋ 諸手当 ※経験やスキルに応じ…",初年度年収:450万円～1000万円
2,ロイヤルハウジング株式会社 | <創業47年ロイヤルグループ>☆2020年過去最高の業績を達成！,仕事内容:<ノルマなし！提案に集中できる><百貨店内の来店型接客！テレアポ・飛び込みなし>有料老人ホームやサービス付き高齢者向け住宅等の高齢者住宅をご案内,対象となる方:<介護業界経験は問いません>◎学歴不問◎ブランクOK◎生命保険営業の経験をお持ちの方◎高齢者を思いやり寄り添える方☆産育休からの復帰率ほぼ100％,勤務地:★転居を伴う転勤はありません ★直行直帰OK ★店舗は全て駅ビル内or駅前・駅近のためアクセス抜群…,"給与:【一般】 月給26万5,000円〜55万円＋業績賞与（年3回）+諸手当 【幹部候補】 月給35万円〜＋業績賞与（…",初年度年収:300万円～1000万円
3,株式会社ヨドバシカメラ | ◇正社員比率96.4%◇残業代100%(1分単位)支給◇社員割引制度有◇,仕事内容:物流を支える都内各営業所、もしくは『アッセンブリーセンター川崎』にて個人のお客様へ商品の宅配を行います。※特別なスキルや資格は必要ありません,対象となる方:【未経験者／第二新卒歓迎】◆45歳未満 ◆要普免(AT限定可) ※ペーパードライバー不可,勤務地:●都内各営業所(新宿区、世田谷区、足立区、江東区、北区、調布市、武蔵野市等)＋神奈川営業所(川崎市…,給与:月給20万5000円以上＋職務手当＋超過勤務手当 《年収例》 ■年収400万円／25歳／入社3年目／基本給20.5…,初年度年収:300万円～500万円
4,アート印刷株式会社 | ★時差出勤 ★土日祝休み ★企画から携われる,仕事内容:【販促ツールをメインに手掛ける／OJTで仕事を覚えられる】★大手企業をはじめとするクライアントの販促ツールやSP商材などのデザインを担当します。,対象となる方:【第二新卒歓迎】◆デザイナーとしての実務経験、もしくは同等のスキルがある方 ★幅広いジャンルに興味が持てる、好奇心旺盛な方,勤務地:★転勤なし／U・Iターン歓迎 【本社】 東京都港区芝3-3-15 芝MONTビル 【交通アクセス】…,"給与:月給236,000円〜 ※試用期間3ヶ月（待遇変動なし） ※上記給与には45時間分の固定残業代60,000円を含みま…",
5,トキコシステムソリューションズ株式会社 | 創業84年！エネルギーインフラの総合エンジニアリング企業,仕事内容:【総務（給与計算・社会保険業務など）】【社内システム開発やインフラ整備】【購買】の中から、経験・スキルや希望などに応じた業務をお任せします。,対象となる方:【第二新卒・経験の浅い方もOK】給与計算や労務管理・システム開発・購買など、いずれかの経験がある方　★賞与は年間5.7ヶ月分・フレックスタイム制,勤務地:【本社（神奈川県川崎市）】または【静岡事業所】に配属 ※希望を最大限に考慮します。 本社／神奈川県…,給与:月給20万円〜35万円＋諸手当＋賞与（年間5.7ヶ月分／昨年実績） ※経験・年齢などを考慮の上、決定しま…,
6,名正運輸株式会社 | ◎設立52年 ◎10年連続で売上アップ↑ ◎全国に向けて事業拡大中,仕事内容:【配送先が決まっているから安心｜日帰り配送のみ・長距離はありません】3t/4t/10tトラックで日用品や食品の配送をお任せします！◎資格取得支援あり,対象となる方:【20～30代が多数活躍中！】◎盤石な経営基盤のもと、未経験から育てます！◎応募条件：中型免許または旧普通免許（2007年6月1日以前に取得したもの）,勤務地:◎転勤なし／希望を考慮 【愛知県、岐阜県、静岡県、神奈川県、千葉県、群馬県、大阪府の各拠点】 ◎マ…,給与:【 3t 】月給27万円〜30万円 【 4t 】月給28万円〜35万円 【 10t 】月給32万円〜40万円 ※担当車種・勤…,
7,株式会社北浦工業 | 《安定性》日揮・東洋エンジニアリングなど大手企業と多数取引！,仕事内容:身近な製品に使用されているガラスや繊維など。その”なくてはならないモノ”をつくる設備の新設工事や点検・メンテナンスを担当していただきます,対象となる方:運転免許(AT可)があれば応募OK！◇安定した会社で技術を身につけたい、モノづくりに関わる仕事を続けたい…という方はぜひ！◇未経験スタート多数,勤務地:※マイカー通勤OK！ ※各案件先での業務がメインとなります。 勤務地は希望を考慮します。 【本社(…,給与:月給27万7000円以上＋賞与年2回(業績により＋決算賞与あり) ※経験・年齢を考慮の上、決定しています。 …,初年度年収:350万円～600万円
8,株式会社ECOサイクル | 全員面接保証／面接1回／人を育てる方針で多くの方を採用予定！,仕事内容:【複数名採用！同期と一緒にスタートできる！】生前整理などの相談対応や思い出の品の回収◆ノルマなしだけど、インセンを支給◆チーム制だから安心,対象となる方:【応募者全員面接します！】《経験・年齢・学歴不問》◎しっかり稼いでオフも充実できる体制を整えています！＜土日祝休み＆基本残業なし＞,勤務地:《転勤なし！》《社用車通勤OK！》 神奈川県川崎市川崎区大島2-17-13 ベラセラータ1F,給与:◆月給27万円以上＋歩合あり・賞与年2回 ※経験・年齢・能力を考慮の上、決定いたします。 ※経験者の方…,初年度年収:400万円～650万円
9,テクノスクエア株式会社 | 大手SIerやメーカーとの直接取引！高収益の開発会社です。,仕事内容:【10年後の150名体制に向けた積極採用】豊富な選択肢から、最適な開発案件をお任せします。 ★着実に社員も増加中！階層別研修で着実に成長できます,対象となる方:システム開発の経験（開発領域・言語・環境は不問） ★経験やスキルに合わせた業務をお任せするので、経験の浅い方も歓迎します！　★年間休日125日,勤務地:★転居を伴う転勤なし・UIターンも歓迎！ 【川崎本社】または【東京・神奈川のプロジェクト先】での勤…,"給与:月給23万9,000円以上＋残業手当（全額）＋その他諸手当＋賞与年3回 ※経験・スキル・年齢などを十分に考…",初年度年収:350万円～500万円
10,株式会社UB | ◆基本定時退社◆有休消化率100％◆休みの希望は断りません！,仕事内容:【ノルマなし&100％内勤】【休憩たっぷり！実働7h未満】電話で当社のサービスをご案内。＊すぐにスタートできる！具体的な提案は先輩スタッフが担当！,対象となる方:【性別不問／未経験大歓迎！】◆知識ゼロでも全く問題なし！◆頑張った分だけしっかり稼げる仕事です！◆再スタートを切りたい方を大歓迎！,勤務地:《転勤なし！川崎駅からスグ》 ※勤務地は希望に応じます。 神奈川県川崎市川崎区砂子1-4-2 小島…,給与:月給25万円以上＋歩合＋賞与年2回 ※経験・年齢・能力を考慮の上、決定いたします。 ※経験者の方は前職…,初年度年収:350万円～1000万円
11,日本eリモデル株式会社 | 勤続1年以上の平均月収59万3000円【大阪府緊急雇用対策に賛同】,仕事内容:未経験から成長できるエクステリアプランナー。エクステリア（住まいの外側）を中心にインテリア等、住まい全体のプランニングをお任せします。,対象となる方:■高卒以上　■年齢不問　■エコや環境について関心をお持ちの方（知識は入社後に身につけられます）　■自分の夢や目標を絶対に実現したい方,勤務地:■宇都宮支店：栃木県宇都宮市 ■高崎支店：群馬県高崎市 ■埼玉支店 ：埼玉県さいたま市大宮区 ■千…,給与:[1]月給19万500円〜24万3500円※勤務地により異なる （固定残業代5万3000円〜6万7500円／53h含。超過分別…,初年度年収:300万円～700万円
12,グローバルトレード株式会社 | 【国内最大級のオークション運営】★10時出社★残業月30h以内,仕事内容:【正社員採用】カスタマーサポート、発送・受注管理／ＢtoＢオークションに出品する商品の確認・管理など★先輩はほぼ未経験START★多彩なキャリア,対象となる方:【40歳まで】◆学歴不問◆未経験・既卒歓迎 ★万全の育成体制＝知識ゼロでOK★派遣・飲食・観光・土木などからの転職者多数★第二新卒特別特集参画中,勤務地:【転居を伴う転勤なし】 ★入社後は品川で研修を実施 ★オークション課は新横浜での勤務があります ◆…,給与:【月給20万円以上】＋諸手当＋賞与2回 ※経験・スキルを考慮の上、当社規定により優遇します。 ※試用期…,初年度年収:300万円～600万円
13,トキコシステムソリューションズ株式会社 | 創業84年！エネルギーインフラの総合エンジニアリング企業,仕事内容:水素ステーションや鉄道・船舶・航空機の給油設備などにおける、【営業】【設計】【施工管理】の中から、希望や適性に応じた業務をお任せします。,対象となる方:【第二新卒・経験の浅い方もOK】工業高校や建築・理系の学科の出身者や、機械・設備や建築・土木に関わる業界での業務経験がある方は大歓迎です！,勤務地:【本社（神奈川県川崎市）】または【全国の支店・営業所】に配属 ※希望を最大限に考慮します。 ▼詳細…,給与:月給20万円〜35万円＋諸手当＋賞与（年間5.7ヶ月分／昨年実績） ※経験・年齢などを考慮の上、決定しま…,
14,ロイヤルハウジング株式会社 | <創業47年ロイヤルグループ>☆2020年過去最高の業績を達成！,仕事内容:<ノルマなし！提案に集中できる><百貨店内の来店型接客！テレアポ・飛び込みなし>有料老人ホームやサービス付き高齢者向け住宅等の高齢者住宅をご案内,対象となる方:<女性社員が多数活躍中>◎学歴不問◎未経験歓迎◎ブランクありや初めての転職の方も歓迎◎高齢者を思いやれる方☆産育休からの復帰率ほぼ100％,勤務地:★転居を伴う転勤はありません ★直行直帰OK ★店舗は全て駅ビル内or駅前・駅近のためアクセス抜群…,"給与:【一般】 月給26万5,000円〜55万円＋業績賞与（年3回）+諸手当 【幹部候補】 月給35万円〜＋業績賞与（…",初年度年収:300万円～1000万円
15,"株式会社ギオン | グループ従業員数4,500名！全国に70拠点を展開する業界大手企業",仕事内容:いつものお客様に食品お届けする近距離のルート配送業務です。　※未経験の方にも丁寧な研修あり！先輩の同乗研修や構内での運転の練習も行います！,対象となる方:【学歴不問／未経験者歓迎】要普通自動車免許（AT限定可）　※中型・大型免許をお持ちの方は大歓迎,勤務地:23のセンターで募集！ 【神奈川県】 神奈川第一・第二 / 座間市ひばりが丘4-3-1 綾瀬 /…,給与:月給20万円〜（月収例26〜32万円 / 年収例300〜450万円） ※試用期間2ヶ月は時給制（詳細下記） 【神奈…,初年度年収:300万円～450万円
16,トキコシステムソリューションズ株式会社 | 創業84年！エネルギーインフラの総合エンジニアリング企業,仕事内容:ガソリンスタンドや水素ステーションなどにある、自社製品の点検・メンテナンスを行います。 ★フレックスタイム制・土日休みなど、抜群の働きやすさ,対象となる方:【未経験や学校卒業間もない方も歓迎】 異業種出身の先輩が多数活躍しています！ ★手厚い教育体制が整っているので、未経験でも安心です,勤務地:【全国の支店・営業所】いずれかに配属 ※希望を考慮します。 ▼詳細は当社HPをご確認ください。 h…,給与:月給18万円〜35万円＋諸手当＋賞与（年間5.7ヶ月分／昨年実績） ※経験・年齢などを考慮の上、決定しま…,
17,株式会社エステック | 昭和電線グループ■社会インフラに関わる総合電設会社です！,"仕事内容:【電力供給の ""要"" となる地中の送電線関連工事に携わる仕事です！】現場調査・監理、関係各所との調整や手続き、工程・予算等の管理などの業務",対象となる方:【教育体制や資格取得支援も整っているので、未経験や学校卒業間もない方も歓迎します！】手当・福利厚生が充実／土日祝休み・年間休日120日以上,勤務地:★転勤はありません！ 本社／神奈川県川崎市川崎区小田栄2-1-1 昭和電線小田栄ビル3F 【アクセ…,"給与:月給20万1,000円〜36万円 ※経験・能力・年齢などを考慮の上、決定いたします。 ※上記月給には、一律手…",初年度年収:400万円～760万円
18,コストコホールセールジャパン株式会社 | 《入間倉庫店》世界12ヵ国・796倉庫店を展開するグローバル企業,仕事内容:【コストコの〈正社員〉として活躍】希望・適正に応じて、下記いずれかの部門に配属します。※精肉・鮮魚の部門で、特に積極採用中です！,対象となる方:【未経験OK／第二新卒者もぜひ】◆35歳以下の方(若年層の長期キャリア形成を図るため)◆女性社員活躍中！入間倉庫店の店長&副店長は、現在女性です！,勤務地:コストコホールセール 入間倉庫店 埼玉県入間市宮寺3169-2 ※マイカー通勤OK(駐車場完備),給与:時給1300円 【月収例】 月収24万円(23歳／1年目／未経験) 月収30万円(28歳／3年目) 月収40万円(30歳／5…,
19,コストコホールセールジャパン株式会社 | 【前橋倉庫店】世界に796の倉庫店を展開！1億人以上の会員が利用,仕事内容:【残業ほぼなし】レジ・商品管理・お客様対応を中心に、店舗運営をおまかせ！＊研修期間は先輩とのペア制度だから、分からないことはその都度聞ける！,対象となる方:【未経験歓迎／学歴不問】※35歳以下(若年層の長期キャリア形成を図るため)★人と接することが好きな方に最適★販売・接客・営業スキルが活かせます！,勤務地:【コストコ前橋倉庫店】群馬県前橋市鶴光路町137-2 ◎マイカー・バイク通勤OK,"給与:時給1,300円以上 【月収例】 23歳／1年目／未経験⇒月収24万円 28歳／3年目⇒月収30万円 30歳／5年目／ス…",
20,"内外液輸株式会社 | 三菱ガス化学の関連企業／15年以上""無事故優秀事業者""の顕彰獲得",仕事内容:【市場価値の高いドライバーへ】化学原料の運搬をお任せします。 ★未経験でも安心！先輩との同乗からスタート ＆ 勤続10年以上の社員も多数在籍,対象となる方:【学歴不問・未経験歓迎】◎大型自動車免許と危険物乙4種の資格をお持ちの方　★定時は16時・土日祝休み・手厚い福利厚生！女性ドライバーも活躍中,勤務地:★マイカー・バイク・自転車通勤OK（敷地内に駐車場あり） 本社／神奈川県川崎市川崎区塩浜4丁目1-…,"給与:月給25万6,000円以上＋諸手当＋賞与（年2回） ※経験・年齢などを考慮の上、当社規定により決定します。…",初年度年収:350万円～600万円
21,株式会社エフ・オー・プランニング,仕事内容:【配送スタッフ】近隣配送・小型荷物で負担少なめ／完全週休3日／賞与年2回,対象となる方:学歴不問・未経験・第二新卒歓迎■45才未満(若年層の長期キャリア形成を図るため)■AT限定or原付免許保有者,勤務地:東京都内、神奈川県川崎市にある各事業所 ※あなたが希望した勤務地への配属となります。転勤はありませ…,給与:月給25万円以上 ※基本給19万円+見込み残業6万円分(44ｈ分)含む ※残業が44hを超えた場合も超過分を別途…,初年度年収:350万円
22,太洋繊維株式会社 | 作業服専門店「ワークランド」 ★首都圏で新店舗を続々出店中！,仕事内容:入社後まずは、店舗の運営業務からスタート。スタッフみんなで、あなたの成長をサポートするので、未経験の方も安心してください！,対象となる方:【未経験歓迎！異業種出身者も多数活躍中】 35歳まで、普通自動車免許　★年3回の長期連休！社用車を1人1台貸与・借上社宅など、手厚い待遇も嬉しい♪,勤務地:★転居を伴う、転勤はありません！ 神奈川・東京・千葉・埼玉、いずれかの店舗に配属 ※勤務地は希望を…,"給与:月給20万5,000円〜35万円 ※年齢給の制度を採用しているので、毎年給与がUPします！ ※経験・能力・前職…",初年度年収:300万円～500万円
23,株式会社ZEAL | 完全週休2日制！残業月20H程度！成長を続ける総合商社,仕事内容:【アイデアを発信＆業務に反映できる環境！】 ◆デジタルマーケティング（戦略立案～プラン作成・実行～検証・改善施策立案）をお任せします。,対象となる方:【経験の浅い方から即戦力まで幅広く募集！】 ◆デジタル広告運用経験1年以上 ◆基本PCスキル ◎完休2日制/残業月平均20H程度/福利厚生充実,勤務地:東京都港区新橋5-14-10 新橋スクエアビル8F ＜アクセス＞ 各線「新橋駅」より徒歩6分 ゆり…,給与:月給30万円以上 ※経験・能力・前給などを考慮のうえ、当社規定により優遇 ※試用期間：6か月（待遇・条…,
24,昭和企業株式会社 | ★残業月9h以内★完休2日制＆年休123日 ★月給37万円も可,仕事内容:【研修充実♪／女性活躍中】幼児向けレッスンや教室運営をお任せします。◎少人数制や1対1で幼児の成長にしっかり関われるお仕事です。,対象となる方:【年齢不問／職種・業種未経験歓迎／ブランク可】保育士資格をお持ちの方や教育・心理・社会福祉学を専攻された方は優遇致します！,勤務地:【大森駅・川崎駅徒歩6〜7分】希望勤務地を配慮の上、決定いたします★引越し手当もあり ★2020年…,給与:月給：22万円〜37万円+各種手当+残業代+賞与+交通費全額 ★賞与はコペルプラス各教室の中でトップクラス…,初年度年収:300万円～510万円
25,株式会社じゃんぱら | 【総合デジタルリユースショップ「じゃんぱら」を全国展開中！】,仕事内容:《抜群の働きやすさ》 ◆総合デジタルショップ「じゃんぱら」の店舗で、買取・販売スタッフとして活躍してください！★早期キャリアアップ可能！,対象となる方:≪第二新卒特別特集参画中≫ ◆店長候補：販売or小売接客の経験をお持ちの方 ◆スタッフ：未経験歓迎！★プライベートを大切にできる環境！,勤務地:東京積極採用中！ ※全国で同時募集 ★ご希望を考慮の上、決定します。 ★U・Iターン希望の方も歓迎…,給与:【経験者】月給25万1千円〜28万8千円 ※経験・年齢・能力を考慮の上、当社規定により優遇します。 ※固定…,初年度年収:300万円～400万円
26,株式会社ココルポート | WAMNETにおける “首都圏の就労移行支援事業所数” No.1！,仕事内容:障がい者の方への就職・自立サポートと、就職後の定着に向けたフォローを行います。★就職者数 & 就職後の定着率も、業界トップクラス！,対象となる方:【コロナの影響で失業された方も歓迎】 人の役に立つ仕事や、社会貢献したい方　※残業少なめ・手厚い福利厚生も、嬉しいポイント♪,勤務地:愛知・東京・埼玉・神奈川・千葉・福岡のいずれかの事業所 ※勤務地は希望を考慮します。 【勤務地一覧…,給与:【経験者】 月給23.5万円以上＋各種手当 ※上記月給には、みなし残業手当（3万7300円／25時間分）が含ま…,初年度年収:300万円～450万円
27,株式会社ZEAL | 完全週休2日制！残業月20H程度！成長を続ける総合商社,仕事内容:【成長企業のブランディングをトータルカバー！】 ◆コーポレートならびに各サービスの広報業務をお任せします ◎アイデアを形にできる環境が自慢！,対象となる方:【経験の浅い方から即戦力まで幅広く募集！】 ◆広報業務経験１年以上 ◆基本PCスキル ◎完全週休2日制/残業月平均20時間程度/福利厚生充実,勤務地:東京都港区新橋5-14-10 新橋スクエアビル8F ＜アクセス＞ 各線「新橋駅」より徒歩6分 ゆり…,給与:月給30万円以上 ※経験・能力・前給などを考慮のうえ、当社規定により優遇 ※試用期間：6か月（待遇・条…,
28,株式会社アールカンパニー | 業界トップクラスの給与！新規事業を立ち上げ業績も好調に推移！,仕事内容:人気のキックボクシングダイエットのトレーナーとして、美と健康をサポートします。 ※店舗運営全般に携わり、幹部候補として活躍できる！,対象となる方:【賞与5ヶ月分・毎月最大4万円の月給UPも】スポーツや格闘技が好き・好きな仕事で稼ぎたい方を歓迎！ ※20～30代＆未経験スタートの先輩も多数活躍中,勤務地:※全て駅チカの拠点です！ 【川崎】【関内馬車道】【鶴見】【大森】【蒲田】 いずれかのキックボクシン…,給与:月給21万円〜65万円 ※試用期間（2ヶ月間）は、月給20万円以上になります。,初年度年収:500万円～800万円
29,株式会社伊藤鉄工所 | 創業80年/花王・東亞合成と直取引/貯蔵タンクの設計・製作・据付,仕事内容:＜40代活躍中＞花王川崎工場にて、プラント設備の設計・設置（据付）などを行うプラント施工管理業務 ◎スキルに合わせて最高月給70万円までご用意！,対象となる方:◆プラント/土木/建築施工管理の経験者 ◎CADが使える方、積算・見積ができる方歓迎 ◎配管・設備・鉄鋼業界の経験がある方も是非一度ご応募下さい！,勤務地:【転勤なし】 ＜花王株式会社川崎工場内 浮島第１出張所＞ 神奈川県川崎市川崎区浮島町１−２ ※バイ…,給与:月給40万円〜70万円＋賞与＋各種手当 ※前職給与・経験・能力を考慮し、当社規定により決定します。 ※試…,初年度年収:580万円～1000万円
30,株式会社バリューモア | 大阪府緊急雇用対策に賛同◇住宅手当や勤続手当など手当充実◎,仕事内容:コストコ内のショップにて、お客様にソフトバンクやワイモバイルの売れ筋スマホをご案内します。まずは、お客様と笑顔で会話することからスタート！,対象となる方:《人柄重視＊未経験積極採用中》★職種・業界経験、学歴不問。転職回数も一切不問！★就活生・新卒・第二新卒・正社員デビューの方も大歓迎！,勤務地:関東・関西・東海・中四国にあるコストコ内のソフトバンクコーナー ★U・Iターン大歓迎！「ここ知って…,給与:《入社半年間は月給30万円の給与保証》 月給25万円以上＋インセンティブ＋賞与+各種手当 ※経験・年齢・…,
31,株式会社アッカ・インターナショナル | 【大和ハウスグループ】★年休118日★車通勤OK,仕事内容:【ロボットなど最先端物流システム】『PAL CLOSET』『Francfranc』『i LUMINE』等を扱う物流ファクトリーにて、オペレーションや社員の管理・教育など,対象となる方:【スタッフクラスからSVやマネージャー候補まで幅広く募集！】◆チームマネジメント経験(マネージャー、店長、リーダー等) ※物流業界の経験者は優遇,勤務地:★千葉県（印西市）、神奈川県（川崎市、厚木市）のいずれかの物流ファクトリーに配属。 ★車、バイク、…,給与:年俸300万円以上 ※経験や能力を考慮して決定します。 ※年俸には、月30時間分のみなし残業代が含まれま…,初年度年収:300万円～450万円
32,株式会社エフ・オー・プランニング,仕事内容:【家電設置サービス】軽負担／2人1組体制だから安心／完全週休3日／賞与年2回,対象となる方:学歴不問・未経験・第二新卒歓迎■45才未満(若年層の長期キャリア形成を図るため。)■普通免許(AT限定可),勤務地:東京都内にある各事業所 ※あなたが希望した勤務地への配属となります。転勤はありません。 ※車・バイ…,給与:月給25万円以上 　※上記には見込み残業6万円(44ｈ分)含む。 　※残業が44hを超えた場合も超過分を別途支…,初年度年収:350万円
33,株式会社オキ・コーポレーション | 設立32年目。クライアントは上場企業や大手ゼネコンがほぼ100%！,仕事内容:【土地を蘇らせるプロ集団】土壌対策工事を中心に、様々な工事の施工管理をお任せします。 ★川崎市周辺の現場が中心！長期出張はほとんどありません,対象となる方:【未経験・第二新卒・ブランクがある方も歓迎】 高卒以上 ・普免（MT） ★勤続10年以上の社員が多数！土日祝休み・残業少なめ・有休も取りやすい,勤務地:神奈川県（川崎・横浜）・東京都のプロジェクト先 ※勤務地は希望を考慮します。 【主なプロジェクト先…,給与:【経験者の場合】 月給40万円以上＋諸手当＋賞与（年2回） 【未経験者の場合】 月給25万円以上＋諸手当…,初年度年収:350万円～700万円
34,株式会社オキ・コーポレーション | 設立32年目。クライアントは上場企業や大手ゼネコンがほぼ100%！,仕事内容:あなたの経験・スキルなどを考慮して、総務人事・経理業務の中から幅広い業務をお任せしていきます。 ★昨年はコロナ禍の中でも、決算賞与を支給！,対象となる方:【未経験・第二新卒歓迎！20～30代を中心に幅広い世代が活躍中】 要普免（AT可） ★土日祝休み・年間休日120日以上・10連休以上の長期休暇が年3回,勤務地:本社／神奈川県川崎市川崎区殿町2-3-15 【アクセス】 京浜急行大師線「小島新田」駅より 徒歩1…,給与:月給25万円以上＋諸手当＋賞与（年2回） ※経験・年齢・前職の給与などを考慮の上、決定します。 ※試用…,初年度年収:350万円～450万円
35,ホンダカーズ神奈川中株式会社 | ホンダ正規ディーラー／設立50周年！賞与年3回・社員海外旅行有,仕事内容:【Honda車専用の診断システムや専用工具など先進機器を完備！】自動車の各種整備をはじめ、各種点検業務や接客対応などをお任せします。,対象となる方:【学歴・年齢・経験不問】実務未経験でもOK！※自動車整備士3級の資格保持者,勤務地:<<神奈川県内での9店舗同時募集！>> ※バイク通勤（125cc以下）OK！ 【平戸店】神奈川県横…,給与:月給19万2000円〜 ＋奨励金＋賞与＋各種手当 ※上記は最低保証金額となります。 　経験・能力・資格など…,初年度年収:330万円～600万円
36,株式会社オキ・コーポレーション | 設立32年。みなとみらい地区や川崎の有名商業施設など実績多数！,仕事内容:大型施設を安全に建てるための土壌対策や躯体工事などを、大手ゼネコンに提案する仕事です。 ★昨年はコロナ禍の中でも、決算賞与を支給！,対象となる方:【応募条件】営業経験をお持ちの方・高卒以上 ・普通自動車免許（AT可）・基本的なPCスキル　★土日祝休み・年間休日120日以上など、抜群の働きやすさ,勤務地:★転勤はありません！ 本社／神奈川県川崎市川崎区殿町2-3-15 【アクセス】 京浜急行大師線「小…,給与:月給40万円〜60万円＋諸手当＋賞与（年2回） ※経験・年齢・前職の給与などを考慮の上、決定します。 ※…,初年度年収:560万円～840万円
37,ホンダカーズ神奈川中株式会社 | 設立50周年！賞与年3回・社宅制度・社員海外旅行・年休112日,仕事内容:＜お客様のカーライフをサポートします！＞新車や中古車の販売、定期点検などのご案内。車に関する各種サービスのご提案。,対象となる方:【学歴・業界経験不問！第二新卒歓迎！】◎要普免★何かしらの営業経験のある方（年数不問）◆20～30代活躍中！風通しの良い明るい社風です◎,勤務地:<<神奈川県内での11店舗同時募集！>> ※転居を伴う転勤なし ※勤務地は希望を考慮の上、決定しま…,"給与:月給231,295円〜+インセンティブ＋賞与＋各種手当 ※上記は最低保証金額となります。 　経験・能力・資格…",初年度年収:350万円～600万円
38,谷貝食品工業株式会社 | 国内シェアトップクラス！不況にも強い事業で、安定性バツグン,仕事内容:営業先である有名スーパーや大手ディスカウントストアへの商品の提案・配送手配・品出しなど ★新商品の企画やマーケティングにも携われる,対象となる方:≪未経験・第二新卒大歓迎!!≫ ≪20～30代の先輩が活躍中≫ ◎高卒以上◎要普免（AT限定可）◎35歳まで（若年層の長期キャリア形成を図るため）,勤務地:《転勤なし！》 【本社】 神奈川県川崎市川崎区観音1‐9‐3 ＜アクセス＞ 京急大師線「川崎大師」…,給与:月給：24万円 〜 30万円（一律営業手当含む）＋賞与年2回 ※経験・能力などを考慮のうえ、決定いたしま…,初年度年収:300万円～600万円
39,北王流通株式会社 | 大手外食チェーンを支える！設立から41年の安定企業,仕事内容:≪フォークリフト免許が活かせる≫食品倉庫内にてフォークリフトを使用した食品の入庫・出庫業務をお任せします。★新拠点も続々開設予定！,対象となる方:【学歴・経験不問】第二新卒・社会人デビュー・ブランクのある方も歓迎！責任者・管理者としてキャリアアップしたい方も大歓迎です◎,勤務地:★4拠点同時募集★U・Iターン歓迎 【大宮センター】 埼玉県さいたま市北区吉野町1-405-22…,給与:月給20万円〜35万円＋各種手当 ※経験・能力を考慮の上、決定いたします。 ※残業代は別途全額支給いたし…,初年度年収:300万円～400万円
40,株式会社オキ・コーポレーション | 設立32年目。クライアントは上場企業や大手ゼネコンがほぼ100%！,仕事内容:ビルやマンション・工場などの躯体一式工事における、建築施工管理を担当　★川崎市周辺の現場が中心！長期出張や現場の掛け持ちはほとんどありません,対象となる方:【30～60代が活躍中・ブランクがある方も歓迎】 建築士 or 建築施工管理技士の資格、建築施工管理の経験、普免（MT） ★土日祝休み（現場に準ずる）,勤務地:★転勤なし・直行直帰です！ 神奈川県（川崎・横浜）・東京都のプロジェクト先 ※勤務地は希望を考慮し…,給与:月給50万円以上＋各種手当＋賞与（年2回） ※経験・年齢・前職の給与などを考慮の上、決定します。 ※試…,初年度年収:700万円～850万円
41,有限会社田辺製作所 | 設立37年を誇る強固な事業基盤を持つ安定企業。,仕事内容:大型施設の配電制御盤の配線設計・組立てや接続作業など、電気を滞りなく通すための各種作業。※経験・スキルに合わせて案件をお任せします。,対象となる方:【学歴不問！】未経験歓迎／資格取得制度あり◆人物・意欲を重視した採用を行います。◎要普免(AT限定可),勤務地:<転勤なし！／U・Iターン歓迎！> 【本社】 神奈川県川崎市川崎区渡田東町3-9 ＪＲ線「小田栄駅…,給与:月給18万5000円〜25万5000円+各種手当+賞与年2回 ※経験・能力を考慮し、決定します。 ※残業代別途全額…,初年度年収:250万円～380万円
42,昭和電線ケーブルシステム株式会社 | 東証一部上場・昭和電線ホールディングス（株）グループ,仕事内容:私たちの“いつもの暮らし”を支えている、電力ケーブルや電力機器の設置や組立工事をお任せします。★電力会社や大手企業からの受注が100%！,対象となる方:【条件を満たす方、全員と面接します】 高卒以上、普免（AT可）※入社後に準中型免許も取れます　★専門知識は必要なし！未経験からじっくり育てます,勤務地:★UIターン歓迎 ＆ 転勤はありません！ 渡田エンジニアリングセンター／神奈川県川崎市川崎区小田栄…,"給与:月給20万円〜29万2,000円 ※経験・年齢などを考慮の上、当社規定により決定します。 ※上記金額には、一…",初年度年収:400万円～500万円
43,日興サービス株式会社 | ［設立47年の安定企業］残業少・ノルマなし・既存のお客様対応,仕事内容:【ノルマ・飛び込み・なし既存顧客中心だが安定性◎】既にお取引のあるお客様からのお問合せ対応を行ない、環境問題を解決していくお仕事です。,対象となる方:【高卒以上／要免許(AT可)】◎職種・業種未経験、第二新卒の方も歓迎！★未経験の場合…35歳まで★経験者の場合…同業界や営業経験をお持ちの方,勤務地:【転勤なし&UIターン歓迎&マイカー通勤OK】 ◆川崎営業所・川崎事業所 神奈川県川崎市川崎区大川…,"給与:【月給】28万5,000円〜 ※一律支給手当含む ※経験・年齢・前職給与などを考慮して当社規定により優遇致…",初年度年収:350万円～450万円
44,医療法人社団幸洋会　 | あいホームケアクリニック　川崎市の訪問診療専門クリニック,仕事内容:看護師として訪問診療に同行し、看護業務全般（医師診察時の補助や手技など）をご担当いただきます。,対象となる方:正看護師・准看護師の資格をお持ちの方　※要普免（AT限定可）★訪問看護未経験の方も大歓迎！丁寧に指導しますからご安心ください,勤務地:神奈川県川崎市幸区都町37-10　さいわい都町ビル1F ※転勤はありません,給与:＜正看護師＞ 月給30万円以上 ＜准看護師＞ 月給27万円以上 ※経験、能力を考慮の上、決定します,初年度年収:360万円～420万円
45,株式会社青木組 | 年休112日／残業月平均20h／有休消化率60％以上／引越費用補助,仕事内容:【100％公共工事で安定性◎】陸上もしくは海上の土木工事施工管理。資材の手配やスケジュール管理などを行います。★大規模な案件も多数！,対象となる方:【未経験からプロフェッショナルを目ざして！】★スキルアップを全力応援！資格取得費用は全て会社負担 ◆男女不問 ◎高卒以上 ◎要普免(AT限定可),勤務地:【U・Iターン歓迎／希望勤務地が大前提】 広島本社(尾道市)または東京本店(中央区) のいずれかへ…,"給与:【東京】 月給 220,000円〜545,000円（一律手当込み） 【広島】 月給 185,000円〜460,000円（一律手当込…",初年度年収:300万円～550万円
46,株式会社XiT | 《業界を変えるベンチャー企業》―Redesign the last one mile―,仕事内容:◆普通免許で運転できるカーゴ車(AT)を使用し、軽貨物を配達するドライバー業務◆マナー・コミュニケーション研修あり,対象となる方:【生地にこだわったオリジナルユニフォームをご用意】未経験歓迎！営業、飲食など違うジャンル出身メンバーが在籍中◆運転方法はイチから学べます,勤務地:転勤なし・直行直帰 【配送エリア】 首都圏（東京都・神奈川県・千葉県・埼玉県） ★ご自宅から近い・…,給与:【完全出来高制：荷物1個当たり140円〜】または【 固定報酬制：日額1.7万円〜】を選択できます ◆完全出…,初年度年収:450万円～800万円
47,内外液輸株式会社 | ≪創業58年/三菱ガス化学関連企業≫勤続10年以上の社員多数在籍,仕事内容:お客様のニーズに合わせてドライバーとトレーラーのマッチングを行います。 ★クライアントは常連ばかり＆手厚い教育体制で、未経験でも安心です！,対象となる方:【応募条件を満たす方、全員と面接します】◎45歳までの方 ◎普通自動車免許（AT可） ★定時は8：30～16：30＆残業月30時間程,勤務地:★マイカー・バイク・自転車通勤OK（敷地内に駐車場あり） 本社／神奈川県川崎市川崎区塩浜4丁目1-…,"給与:月給19万5,600円以上＋諸手当＋賞与（年2回） ※経験・年齢などを考慮の上、当社規定により決定します。…",
48,日本原料株式会社 | 国内外の水道インフラを支えるものづくり会社 ※年休126日,仕事内容:【成長機会が豊富な環境】日本の水道事業を支え続ける企業の経理部門で、経理総務全般を担当。※ゆくゆくは経営視点を学び、会社を支える幹部候補へ！,対象となる方:【即戦力募集／業界経験不問】■経理の実務経験3年以上 ■日商簿記3級以上 ※手ごたえのある仕事に携わりながらスキルアップしたい方を歓迎！,勤務地:【「川崎駅」から徒歩8分】 本社：神奈川県川崎市川崎区東田町1-2 ※転勤なし。U・Iターンも歓迎…,給与:月給25万円以上+諸手当+賞与年2回（計4.2ヶ月分実績） ＜モデル年収例＞ ・年収480万円 ／ 36歳 経理ス…,
49,日興サービス株式会社 | 【設立47年の安定企業】電話問い合わせOK！《048-421-9431》,仕事内容:【場内作業/転勤なし・ルーティンワークで安心】★ホイールローダー・ショベルカーなどでの運搬作業★資格を活かした転職先を探している方に最適！,対象となる方:【資格者採用/安定のキャリアをGET】★必要なのは「車両系建設機械」の運転資格のみ★そのほか、年齢・学歴・男女・経歴不問★30～40代が活躍中です！,勤務地:【転勤なし&UIターン歓迎&マイカー通勤OK】 ◆川崎事業所 神奈川県川崎市川崎区大川町1-10,"給与:【月給】29万8,000円〜35万円+無事故手当1万5,000円 ※一律支給手当含む ※経験・年齢・前職給与などを…",初年度年収:350万円～450万円
50,株式会社リビングライフ | 【設立31年の総合不動産グループ】週休2日制 ★ 夏/冬8連休あり,仕事内容:【契約管理部門で活躍！】当社の販売・仲介物件の売買契約や、住宅ローン商品の紹介などを行う各専門チームで、内勤業務をお任せします！,"対象となる方:【30～40代活躍中／実務未経験OK！】応募条件 ⇒ ◆高卒以上 ◆宅建資格｜☆何よりも""意欲""を重視した採用を行います！ ☆Web面接の相談もOK！",勤務地:★転勤なし ★蒲田駅から徒歩7分 【蒲田支店】 東京都大田区西蒲田8-11-11 リビングライフ蒲…,給与:月給28万円以上 + 資格手当 ＋ 賞与年2回(昨年度4か月分) ※上記はあくまで最低支給額です。 　経験・…,初年度年収:350万円～600万円
51,丸伊運輸株式会社 | 食の安定供給を支えて48年！関東を中心に幅広く事業展開中！,仕事内容:【ルート配送ドライバー】としてコンビニやスーパーなどの店舗や物流センターへの商品配送をお任せ！未経験から成長し活躍している先輩も多数在籍中◎,対象となる方:【学歴・職種・業種経験不問】ドライバー未経験の方大歓迎！／充実の研修、サポートでイチから育てます／中型免許・準中型免許をお持ちの方,勤務地:★勤務地は希望を最大限考慮 ◎転勤なし ■東京 日野営業所(3t):日野市日野753 国立営業所(…,給与:月給27万円~33万円(一律手当含む) ※経験・能力を考慮し決定します ※試用期間2ヶ月あり （期間中は月給2…,初年度年収:300万円～400万円
52,株式会社釜仙 | 江戸時代に創業した老舗商社　★官公庁・大手メーカーと取引多数,仕事内容:既存顧客を中心に、ルート営業をお任せします。 ★すぐに成果は求めません！先輩のアシスタント業務を通して、仕事を覚えてください。※未経験歓迎！,対象となる方:【異業種からの新たなチャレンジも歓迎！】 普通自動車免許（AT可） ※法人営業の経験や、機械メーカー・商社・建設業などでの経験が活かせます,勤務地:本社／神奈川県川崎市川崎区砂子1-6-2 ★2022年に新社屋完成予定！新しいオフィスで働けます！…,給与:月給23万円以上 ※経験・スキルなどを考慮して、決定します。 ※試用期間／3ヶ月（期間中は、月給21万円…,初年度年収:300万円～450万円
53,和光産業株式会社 | 創業60年以上／大手企業・病院・官公庁等の総合ビルメンテナンス,仕事内容:工場やミュージアム館内の清掃サービスに関わる、作業進捗確認やスタッフ管理・指導など ★休みの希望も調整しやすい環境です！,対象となる方:【未経験歓迎】マナーを大切にしながら、現場スタッフやお客様と積極的にコミュニケーションが取れる方を求めています！ ※要普通自動車免許（AT可）,勤務地:★マイカー通勤OK（無料駐車場あり）・転居を伴う転勤はありません！ 埼玉県入間市狭山台234 ※三…,給与:月給24万6785円〜30万4325円 ※業界経験の有無に関わらず、あなたのこれまでの経験・保有資格などを考慮…,初年度年収:330万円～410万円
54,三和ステンレス株式会社 | 業界大手の洗剤・化粧品メーカーのパートナーで安定性抜群,仕事内容:【大手の洗剤・化粧品メーカーなどと取引】おなじみの「あの製品」を作るお手伝い！作業の自動化や省力化のための、様々な機械を設計します。,対象となる方:【「機械図面が描ける方」を幅広く募集します！】◎学歴不問 ※機械設計（特に産業機械）の経験があればOKです。,勤務地:川崎出張所：神奈川県川崎市川崎区浮島町1-2 花王（株）内 《アクセス》 京浜急行線「大師橋駅」よ…,給与:月給25万円〜32万円 ※経験・能力等を考慮の上、当社規定により決定します ※試用期間3ヶ月（期間中は時…,初年度年収:400万円～450万円
55,株式会社アッカ・インターナショナル | 【コロナ禍でも右肩上がりで成長中！】★残業月5h★年休118日,仕事内容:【研修＋エルダーメンティー制度で段階的に成長できる！】『PAL CLOSET』などのクライアントの商品を購入したカスタマーの問い合わせに対応します。,対象となる方:【未経験・第二新卒歓迎！】◆応募理由は「アパレルが好き」「経験はないけど頑張りたい」「正社員として働きたい」でOK！☆経験者は優遇します！,勤務地:【ECファクトリー 厚木】 ★車、バイク、自転車通勤OK ★ECサイト「PAL CLOSET」での…,"給与:月給210,000円以上＋ピアボーナス（最大約3万円）＋各種手当 ※経験や能力を考慮して決定。 ※月給には…",初年度年収:250万円～350万円
56,三井埠頭株式会社 | 東証一部上場・太平洋セメント株式会社100％出資／創業92年,仕事内容:【社内に”港”を持つ！スケールの大きい仕事】全国的にも珍しい数万トン級船舶が着岸する大型私設埠頭内で荷役(機械)設備の工事管理を担当します。,対象となる方:【年間休日123日/残業ほぼなし】◎機械設備工事の管理経験がある方/機械保全業務経験のある方◆港湾の大型設備を扱う誇り/プライベートも大切にできる,勤務地:【転勤なし】 【川崎駅よりバスで20分】 【JR鶴見線「扇町」駅より徒歩3分】 ＜本社＞ 神奈川県…,"給与:月給23万5,000円以上 ※試用期間3ヵ月あり(期間中も条件変更なし) 【モデル年収例】 500万円／30代 550…",
57,株式会社プレジャー | インテリアコーディネート・リフォーム・保育園改修事業,仕事内容:業界・職種未経験でも安心のフォロー体制！一流の企画力が身に付く【デベロッパー・マンション管理会社・保育園などへのコンサルティング提案】,対象となる方:≪第二新卒特別特集参画中≫【業界・職種未経験OK！学歴不問】●インテリア業界でイチから手に職を付けたい方！お客様に価値ある提案をしたい方,勤務地:JR「川崎駅」徒歩8分 ★転勤無し ★U・Iターン歓迎 【本社】神奈川県川崎市川崎区東田町1番地2…,給与:月給25万円以上 ※経験・スキル・前職給与を考慮して決定します,初年度年収:300万円～400万円
58,ムーブメンテナンス有限会社 | 「しっかり稼ぎたい」という方は大歓迎！月収70万円も目指せます,仕事内容:スキルや適性を考慮して、電車のホームドアや車両・線路、港湾のクレーンなどのメンテナンスをお任せします。2～4名のチームで現場に向かいます。,対象となる方:【未経験・第二新卒歓迎】 35歳まで、普通自動車免許（AT可） ※工具に関する知識や、整備士や電気工事の経験が活かせます　★残業は月20時間程,勤務地:大阪・川崎いずれかでの勤務となります。 ※勤務地は希望を最大限考慮します。 ※無期雇用派遣での勤務…,給与:月給27万円以上 【月収例】 月収35万円／23歳／経験1年6ヶ月 月収51万円／31歳／経験3年 月収70万円／45…,
59,株式会社星医療酸器 | 【JASDAQ上場企業】★医療福祉業界トップクラスの実績★,仕事内容:【関係構築からアフターまでを一気通貫！】 ◆車いすや介護用ベッドなどの福祉用具を、居宅介護事業所を中心としたケアマネージャーへ向けご提案！,対象となる方:≪第二新卒特別特集参画中≫★人物重視の採用 ◆要普通免許(AT限定可) ◆基礎的なPCスキル ◎週休2日制/年休120日以上/充実した福利厚生！,勤務地:埼玉県・東京都・神奈川県で同時募集中！ 転居を伴う転勤無し！ ※勤務先は希望に応じては配属致します…,"給与:月給21万円〜30万円 ※前職や経験、スキルを考慮の上、優遇いたします。 ※固定残業代30時間分/42,000円…",初年度年収:250万円～350万円
60,有限会社京浜材料試験 | 設立47年目・東京都から登録を受けた「数少ない試験機関」です！,仕事内容:【建物を建てる際に、必ず必要とされる仕事】 建築物に使用するコンクリートの検査・試験をお任せします。 ★専門資格の取得も支援（費用は会社負担）,対象となる方:【未経験歓迎・知識も入社後でOK】 普通自動車免許（AT可） ★幅広い世代が活躍中！「プライベートを大切にできる」と、業界経験者からも好評です◎,勤務地:本社／神奈川県川崎市川崎区浅野町6-16 ★車通勤OK（1人1台、社用車を支給いたします／詳細は【…,"給与:月給25万円〜37万5,000円 ※経験・年齢・前職の給与などを考慮して、決定します。 ※試用期間／3ヶ月（…",初年度年収:300万円～450万円
61,株式会社ニフス | 保育園での勤務だから、子ども好きな人はぜひ♪有資格者限定募集,仕事内容:新規にオープンする保育園にて食事提供に関わる業務を担当いただきます。※残業はほぼなし※日祝は休園日 + ほか希望を考慮した月8～10日のシフト休み,対象となる方:◆栄養士・管理栄養士・調理師のいずれかの有資格者 ◆出産・育児等によるブランクがある方も歓迎 ☆保育園での勤務：子ども好きな方はぜひ,勤務地:〈2021年4月に開園！〉東おおしま保育園 神奈川県川崎市川崎区大島5-21-12 └0歳児から5…,給与:【月給】23万5000円以上 ※年齢や経験を考慮し、当社規定により優遇します ※上記月給には、一律支給の…,初年度年収:300万円～400万円
62,株式会社高橋工業所 | 【選べる働き方×長期休暇有×残業代全額支給】,仕事内容:加工された鉄筋をトラックに荷積みする際の玉掛け作業（クレーンで運ぶためのワイヤー掛け）を担当します。※重い鉄骨を持ち運ぶことはありません,対象となる方:【学歴・経験不問】■玉掛作業者資格、天井クレーン運転資格をお持ちの方は歓迎！ ※色んなことをするよりルーティンワークが好きな方にオススメ！,勤務地:【平塚営業所】 神奈川県平塚市久領堤2-19　三興製鋼(株)内 ※転勤なし。平塚エリアでずっと働け…,給与:月給30万円以上＋賞与年2回 【月収例】月収40万円／入社1年目 ※基本給は経験・能力を考慮のうえ決定し…,初年度年収:430万円～500万円
63,関東シティフレイト株式会社 | 東証一部上場・日本トランスシティ（株）グループ,仕事内容:配車や受付業務・書類の準備など、お客様とドライバーを結ぶ、物流事務をお任せします！ ※頼りになる先輩が丁寧に指導するので、未経験でも安心です,対象となる方:【未経験・第二新卒歓迎】・普通自動車免許（AT限定可）・周囲と積極的にコミュニケーションを図れる方　※残業少なめ・有休取りやすい,勤務地:※マイカー通勤OK！ 川崎事業所／神奈川県川崎市川崎区東扇島27-2,給与:月給25万円〜32万円（一律手当含む） ※経験・年齢などを考慮の上、当社規定により決定します。 ※試用…,初年度年収:300万円～450万円
64,昭和物流株式会社 | 東証一部上場・丸全昭和運輸（株）グループ/★年休120日,仕事内容:入庫・出庫・輸送・輸出入に関する手配業務をお任せします。 ※物流の司令塔として活躍！じっくり教えていくので安心してください。,対象となる方:【第二新卒歓迎／20～30代をはじめ、幅広い世代が活躍中】 普通自動車免許（AT可）、基本的なPCスキル　※残業は月30時間程・年間休日120日,勤務地:本社(川崎市)・千葉(市原市)・東京(港区)、いずれかの拠点に配属します。 ※勤務地は希望を考慮し…,給与:月給25万円以上 ※経験・年齢・前職の給与を考慮の上、決定します。 ※試用期間／3ヶ月 ※上記月給には…,初年度年収:350万円～400万円
65,"東邦自動車株式会社 | プジョー,シトロエン,三菱,スズキ,ダイハツの正規ディーラー",仕事内容:【簡単な点検から少しずつ！】点検・整備・修理業務をチームでお任せします。将来的に、管理職を目指すも、現場にこだわるも、フロント職に移るもOK♪,対象となる方:【実務経験は一切不問です！】☆第二新卒歓迎！◆学歴・経験不問！◆2級以上の自動車整備士資格をお持ちの方◆要普通免(MT),勤務地:東京都、神奈川県の各店舗 ★勤務地の希望を考慮！ ★転居を伴う異動なし！ ■プジョー大田／東京都大…,"給与:月給241,000円〜363,000円【前職の給与を考慮いたします】 ※上記金額には固定時間外手当30時間分（44,0…",
66,株式会社大平興業舎 | 資格取得支援有／家族手当・住宅手当など充実／月残業20h程度,仕事内容:電話・来客対応、データ入力など、事務業務をお任せします。 ★未経験の方も安心！優しい先輩が丁寧に教えます,対象となる方:【未経験歓迎】◎基本的なPCスキル（難しい操作は必要ありません）/物流・運送会社での経験があれば活かせます。,勤務地:転勤なし&マイカー通勤OK！ 【本社営業所／扇町倉庫】 神奈川県川崎市川崎区扇町53番地 JFEス…,給与:月給18万円〜25万円＋一律手当＋残業代（残業は月平均20時間程度です） ※あなたのスキル・経験などを考…,初年度年収:260万円～360万円
67,尾崎理化株式会社 | 横浜勤務／WEB面接可／年間休日128日／残業月平均30h程度,仕事内容:《”買う意思”が明確な顧客への営業！》大学病院や研究機関などを中心に、理化学機器や試薬など幅広いアイテムを販売する＜ルート営業＞です。,対象となる方:《未経験・第二新卒歓迎》【応募条件】◎高卒以上 ◎要普免(AT限定可) ◎30歳までの方(※) ★業種業界を問わず営業経験があれば活かせます,勤務地:【横浜営業所】 神奈川県横浜市緑区いぶき野31-10 ＜アクセス＞ JR横浜線「十日市場駅」より徒…,"給与:月給：23万9,400円〜26万3,600円(一律手当込み) 　　＋その他諸手当(家族手当や資格手当 等)あり ※年齢…",初年度年収:300万円～350万円
68,株式会社ヤマガタ | 設立56年の歴史と実績を誇る安定経営企業　【ヤマガタグループ】,仕事内容:【安定性バツグン／連休取得もOK！】４ｔまたは大型トラックのドライバーとして、大手スーパーのチルド食品の配送業務をお任せします。,対象となる方:【未経験者・経験者ともに歓迎！異業種出身者活躍中！】要中型以上の免許（平成19年6月までに普通免許を取得した方もOK）※大型免許取得者は優遇,勤務地:【横浜営業所】【厚木営業所】【船橋営業所】【東京営業所】【八千代営業所】いずれかの拠点 車通勤OK…,給与:月給32万円以上 ※経験・能力などを考慮し、当社規定により決定します。 ※固定残業代（35時間分6万円以…,初年度年収:360万円～400万円
69,WDB株式会社 | 東証一部上場・WDBホールディングスグループ 　★土日祝休み,仕事内容:【未経験でも安心の研修制度】神奈川エリア中心の大手メーカー・大学・公的機関などの研究プロジェクトで活躍していただきます！,対象となる方:理系学部を卒業された方、研究・実験の実務経験（1年以上の方は学歴不問） ★第二新卒・実務未経験・ブランクがある方も、ポテンシャル次第で積極採用,勤務地:★UIターン歓迎・マイカー通勤も相談OK！ 神奈川県内の各企業や研究施設など ※あなたのキャリアプ…,給与:【マイタウン型】 月給20万円〜30万円＋各種手当＋賞与年2回 【マイエリア型】 月給21万5000円〜31万500…,初年度年収:300万円～500万円
70,ビューテックローリー株式会社 | 【売上1600億円の巨大グループの一員】◆石油製品の輸送の専門,仕事内容:【イチから育成します！】◆海外から届いたガソリンなどの”石油製品”を無事に輸送できるよう、受入から出荷までの一連の管理業務をお任せします,対象となる方:【未経験・第二新卒歓迎】◆45歳以下の方(*) ＊それ以外、学歴や経験、資格やスキルなどは一切不問です！”手に職”つけて活躍したい方に最適！,勤務地:愛知県知多市での勤務となります ※マイカー通勤OK（駐車場完備） 【愛知製油所】 愛知県知多市南浜…,"給与:月給17万5,193円＋諸手当 〜 《月収例》月収26万円/入社1年目・独身・寮入居 ※経験・年齢を考慮いたし…",初年度年収:300万円～400万円
71,ペットリファインテクノロジー株式会社 | 【日本環境設計グループ★世界に誇る特許技術を保有】,仕事内容:工場内のITインフラの運営全般をお任せします。工場立ち上げ時期の変革期に携われます／裁量大きく就業可能／SDGs事業を展開中,対象となる方:≪応募条件≫ITインフラ運用経験／未経験の分野については必要に応じて学習し習得していただくことを想定しています。,勤務地:本社 神奈川県川崎市川崎区扇町12-2,"給与:＜月給＞ 362,000円〜397,000円 ※経験・年齢・スキルを考慮のうえ、決定します ※試用期間3ヶ月あり。…",初年度年収:450万円～700万円
72,ペットリファインテクノロジー株式会社 | 【日本環境設計グループ★世界に誇る特許技術を保有】,仕事内容:工場における設備関連の調達および見積業務をお任せ。購買調達に関するご経験がある方であれば即戦力に期待できます。,対象となる方:≪応募条件≫ 購買や調達経験のある方／設備や大型機械、プラントの設計に携わったご経験のある方,勤務地:本社 神奈川県川崎市川崎区扇町12-2,"給与:＜月給＞ 289,000円〜362,000円 ※経験・年齢・スキルを考慮のうえ、決定します ※試用期間3ヶ月あり。…",初年度年収:400万円～500万円
73,株式会社京急リブコ | ＜Living and community>京急グループ/暮らしの総合パートナー,仕事内容:【転勤なし／京急沿線の暮らしを支える】経験を活かして、京急沿線を中心としたマンションのリノベーションの施工管理をお任せします。,対象となる方:【建築・土木・造園いずれかの施工管理経験のある方(資格は不問）／年齢・学歴不問】資格を活かして働きたい方/資格取得を目指しながら働きたい方,勤務地:【本社】 神奈川県横浜市西区高島1-2-8 ◆京浜急行「横浜」駅より徒歩7分 ◆転勤なし 【川崎事…,給与:月給20万円以上 ※経験・能力などを考慮し、当社規定によりけ決定します。 ※試用期間3ヵ月(期間中の待遇…,初年度年収:360万円～600万円
74,葵精機株式会社 | 大手メーカーと取引多数！ “コロナにも左右されない” 安定企業,仕事内容:医薬品や食品・通信業界、半導体製造装置メーカーのお客様からの相談に対し製造装置や精密部品の提案を行っていただきます。 ★既存顧客が約9割です。,対象となる方:【未経験・第二新卒歓迎】 医薬品・食品・通信・半導体に関わる業界での業務経験（機械図面が読める方） ★土日休み・残業は月20～30時間,勤務地:★自転車・バイク通勤OK！ 高津事業所（川崎市高津区）、もしくは小田栄事業所（川崎市川崎区）、千葉…,給与:月給20万円〜26万円 ※経験・年齢などを考慮の上、当社規定により決定します。 ※試用期間／3ヶ月（期間…,初年度年収:320万円～420万円
75,株式会社マミヤ | 創業62年の安定企業。東京都、神奈川県を中心に工事の実績多数,仕事内容:施工現場の監督として、安全・品質・工程管理を行います。併せて、顧客との打合せ、工事終了に伴う報告書の作成等が主たる業務内容となります。,対象となる方:【学歴不問】塗装・防水・建築・土木のいずれかの経験/基本的なPCスキル/普通運転免許（AT可）　※資格は入社後の支援制度で取ることも可能です。,勤務地:神奈川県川崎市川崎区小田栄1-9-25,給与:月給 30.0万円〜45.0万円 ※経験・年齢を考慮の上、当社規定により優遇します。 ※試用期間3ヶ月間（給…,初年度年収:400万円～600万円
76,株式会社スミフルジャパン | ”甘熟王”などバナナの国内シェアトップクラスの食品商社,仕事内容:フィリピンの自社管理農園で生産されるバナナを、産地から量販店の店頭に届けるまでの品質管理をご担当いただきます。,対象となる方:【意欲・人柄重視の採用】◆大卒以上◆英会話スキル（日常会話程度）がある方　★農業系のバックグラウンドや、農業に興味をお持ちの方大歓迎です！,勤務地:川崎拠店 神奈川県 川崎市川崎区扇町13-1 ＜アクセス＞ JR鶴見線「昭和駅」より徒歩10分,"給与:月給225,000円〜262,000円 ※年齢・スキル・経験を考慮の上、弊社規定により決定します。 ※試用期間3ヶ…",初年度年収:355万円～413万円
77,三菱化工機株式会社 | 【東証一部上場】年間休日128日／残業月30時間,仕事内容:環境技術担当として、し尿処理設備・官公庁向け下水処理設備等の設計業務に携わって頂きます。,対象となる方:高卒以上、Uターン・Iターン歓迎、水処理関連の設計経験,勤務地:本社（川崎市川崎区）と大阪支社（大阪市中央区）での募集となります。 ◆本社営業事務所 神奈川県川崎…,"給与:月給250,000円〜 ※社内規定、経験、能力等考慮し決定致します。",初年度年収:400万円～700万円
78,三菱化工機株式会社 | 【東証一部上場】年間休日128日／残業月30時間,仕事内容:配管設計担当として、国内外の化学・エネルギープラントに関わる配管設計業務をお任せします,対象となる方:高卒以上、Uターン・Iターン歓迎、エンジニアリング会社でのEPC業務経験、プラント配管設計の経験,勤務地:本社 神奈川県川崎市川崎区大川町2-1,"給与:月給220,000円〜420,000円 ※社内規定、経験、能力等考慮し決定致します。",初年度年収:400万円～800万円
79,三菱化工機株式会社 | 【東証一部上場】年間休日128日,仕事内容:プラント事業（石油、都市ガス、医薬、食品向け）または環境事業（上下水処理向け）の国内プラント建設プロジェクトにおける工事監理業務をお任せ,対象となる方:高卒以上、Uターン・Iターン歓迎、プラントや下水処理場での施工管理実務経験,勤務地:◆本社 神奈川県川崎市川崎区大川町2-1 JR鶴見線／大川駅 ◆大阪支社 大阪府大阪市中央区今橋2…,"給与:月給300,000円〜450,000円 ※社内規定、経験、能力等考慮し決定致します。",初年度年収:500万円～700万円
80,三菱化工機株式会社 | 【東証一部上場】年間休日128日／残業月10時間,仕事内容:◆社内SEとして社内システム・サーバの運用・管理、ネットワークインフラの運用・監視、PC・ユーザーサポートなど幅広い業務をお任せします。,対象となる方:◆サーバ・ネットワーク・情報セキュリティ等のインフラ知識・経験をお持ちの方　　　　　◆ユーザーサポートやトラブルシューティングの実務経験,勤務地:本社 神奈川県川崎市川崎区大川町2-1,"給与:月給250,000円〜400,000円 ※社内規定、経験、能力等考慮し決定致します。 ※試用期間は6カ月（待遇に変…",初年度年収:330万円～570万円
81,三菱化工機株式会社 | 【東証一部上場】年間休日128日／残業月30時間,仕事内容:マレーシア、タイ等の海外地域のプラント建設（ガス、LNG、石油精製、化学、食品など）において、計装、又は電気設計業務の取りまとめをお任せします,対象となる方:学歴不問、Uターン・Iターン歓迎、プラント電気設備の設計又は計装設計の実務経験,勤務地:本社 神奈川県川崎市川崎区大川町2-1,"給与:月給300,000円〜420,000円 ※社内規定、経験、能力等考慮し決定致します。",初年度年収:500万円～700万円
82,日本郵便オフィスサポート株式会社 | 日本郵便株式会社の100％出資会社＊土日祝休＊年間休日120日以上,仕事内容:＜日本郵政グループ！日本の郵便を支える仕事です＞　事務業務をメインに電話対応・書類作成など希望と適性を考慮しお任せします。,対象となる方:【第二新卒・子育て中の方、大歓迎！】未経験歓迎！人物重視の採用をいたします！,勤務地:◆JR川崎・京急川崎からアクセス可能！ 神奈川県川崎市川崎区榎町１−２,給与:時給1200円以上 ※経験・能力を考慮の上、決定いたします 月収例：19万4800円以上,初年度年収:200万円～250万円
83,川崎市住宅供給公社 | 公社ならではの公務員に準じた安定の職場環境です！,仕事内容:川崎市の市営住宅・公的賃貸住宅（団地・マンション）の大規模修繕等に関する計画・設計・積算・工事監理を担当していただきます。,対象となる方:大卒以上（建築系の学部・学科を卒業した方）、建築施工管理・設計・積算・監理いずれかの経験、普通自動車免許（AT可）,勤務地:本社／神奈川県川崎市川崎区砂子1-2-4 川崎砂子ビルディング,"給与:月給21万3,900円〜26万5,400円＋各種手当＋賞与（年2回／4.42ヶ月分） ※経験・年齢・前職の給与などを…",初年度年収:350万円～450万円
84,ペットリファインテクノロジー株式会社 | 【日本環境設計グループ★世界に誇る特許技術を保有】,仕事内容:【大手飲料メーカー向けにPET樹脂製品の営業をお任せ／あらゆるものが循環するサステナブルな社会を目指し、SDGs事業を展開しています】,対象となる方:≪応募条件≫ 高卒以上。商社や素材メーカーなどでの営業経験のある方,勤務地:本社 神奈川県川崎市川崎区扇町12-2,"給与:＜月給＞ 375,000円〜541,600円 ※上記月給には、固定残業手当（5万494円以上／20時間分）を含みます。 …",初年度年収:450万円～650万円
85,ペットリファインテクノロジー株式会社 | 【日本環境設計グループ★世界に誇る特許技術を保有】,仕事内容:【未経験歓迎】工場における労働安全や渉外業務をご担当いただきます。消防や市役所等、届出関係に関するご経験がある方は大歓迎です！,対象となる方:≪応募条件≫ Word、Excel、PowerPointなどの操作スキルをお持ちの方/組織内でのコミュニケーションが円滑に取れる方,勤務地:本社 神奈川県川崎市川崎区扇町12-2,"給与:＜月給＞ 289,000円〜362,000円 ※経験・年齢・スキルを考慮のうえ、決定します ※試用期間3ヶ月あり。…",初年度年収:500万円～550万円
86,ペットリファインテクノロジー株式会社 | 【日本環境設計グループ★世界に誇る特許技術を保有】,仕事内容:【業務未経験歓迎】当社独自の樹脂原料となる使用済みPETの調達のための営業活動をお任せ！完全週休二日制(土日祝)・年間休日124日,対象となる方:≪応募条件≫ 高卒、高専卒以上。商社や素材メーカーなどでの営業経験のある方,勤務地:本社 神奈川県川崎市川崎区扇町12-2,"給与:＜月給＞ 375,000円〜541,600円 ※経験・年齢・スキルを考慮のうえ、決定します ※試用期間3ヶ月あり。…",初年度年収:450万円～650万円
87,ペットリファインテクノロジー株式会社 | 【日本環境設計グループ★世界に誇る特許技術を保有】,仕事内容:当リサイクル工場において製造されるポリエステルペレットの品質保証のための各種検査業務をリーダー候補としてお任せいたします。,対象となる方:≪応募条件≫ 大学院、大学卒以上。分析・検査業務に携わった経験のある方/ポリエステル等高分子化合物に関する知見・経験をお持ちの方,勤務地:本社 神奈川県川崎市川崎区扇町12-2,"給与:＜月給＞ 289,000円〜362,000円 ※経験・年齢・スキルを考慮のうえ、決定します ※試用期間3ヶ月あり。…",初年度年収:400万円～500万円
88,株式会社シマセイ | 創業58年。100社以上のメーカー製品を取扱う精密機器の専門商社,仕事内容:【既存顧客へのルート営業が中心】科学分野で扱う精密機器を、企業の研究室や技術部門・生産ラインに販売します。 ★9割以上の先輩が未経験スタート！,対象となる方:【未経験・第2新卒歓迎】◆基本的なPCスキル（Word・Excel）◆普通運転免許（AT限定可） ★土日休み・年間休日129日(昨年実績）など、働きやすさも◎,勤務地:★転勤はありません 【つくば営業所】 茨城県つくば市花畑3-20-2,給与:月給21.7万円以上 ※上記金額には、みなし残業代（22時間分／3万8100円）を含みます。 　22時間を超過分…,初年度年収:300万円～350万円
89,株式会社横浜岡田屋 | 賞与4.5ヵ月/出産祝い金1子につき最大30万円/最大9連休取得可能,仕事内容:【横浜MORE'Sなど有名施設の管理を担当！】設備の点検、工事の手配や、リニューアルに伴う内装監理などをお任せします。★資格取得支援制度あり,対象となる方:【年齢・学歴一切不問！】商業施設やオフィスビルの「施設管理」又は「内装監理」の実務経験があればOK！地域に根差して長く働きたい方は大歓迎！,勤務地:【神奈川県内6拠点で募集！】 本部 横浜市西区みなとみらい2-3-5　クイーンズタワーC棟11階…,"給与:月給21万2,000円〜 + 賞与年2回（4.5ヵ月分） + 交通費全額支給 + 諸手当 ※経験・年齢・スキル等を考慮…",初年度年収:400万円～550万円
90,三菱化工機株式会社 | 【東証一部上場】年間休日128日／残業月10時間,仕事内容:水素製造装置、水素ステーションの点検、工事業務の取りまとめ（工事の見積、資材の手配、現地での指示、コスト管理、技術的な対応等）をお任せします,対象となる方:【1～3いずれかの経験】1.ガス会社の設備保全また設計業務 2.機械設備（コンプレッサーなど）における保守経験 3.化学系メーカーでの工場設備保全業務,勤務地:本社 神奈川県川崎市川崎区大川町2-1,"給与:月給265,000円〜400,000円 ※社内規定、経験、能力等考慮し決定致します。 ※試用期間は6カ月（待遇に変…",初年度年収:330万円～570万円
91,正宗産業株式会社 | まもなく設立50周年／残業月15h／建築・不動産を事業展開,仕事内容:【週休2日制／年末年始は7連休】川崎市内を中心とした公共工事の建築施工管理をお任せ。手掛ける建造物は、学校・病院・庁舎など。,対象となる方:【年齢不問】◎1級建築施工管理技士の資格をお持ちの方/普通自動車免許をお持ちの方 ◆公共建築工事の経験が1年以上ある方は歓迎します！,勤務地:【マイカー通勤可】 【転勤なし】 【現場への直行直帰も可能】 神奈川県川崎市川崎区大島5-8-13…,給与:月給40万円〜60万円 ※経験・能力を考慮し、当社規定により決定します。 ※試用期間3ヵ月(期間中は月給30…,初年度年収:560万円～800万円
